step,total_loss,val_loss,lr_selector,selector_budget_weight,selector_entropy_weight,selector_aux_weight,selector_ratio,selector_budget,selector_entropy,selector_aux
200,0.01640741340816021,,6.666666666666667e-06,0.044444444444444446,0.00017777777777777779,0.5,0.16411466896533966,0.0012877571862190962,0.2864428460597992,0.03259851410984993
400,0.031592439860105515,,1.3333333333333333e-05,0.08888888888888889,0.00035555555555555557,0.5,0.35538846254348755,0.024145573377609253,0.46376532316207886,0.058562543243169785
600,0.0376005545258522,,2e-05,0.13333333333333333,0.0005333333333333334,0.5,0.6057260632514954,0.16461364924907684,0.4466661810874939,0.030827688053250313
800,0.030479947105050087,,2.6666666666666667e-05,0.17777777777777778,0.0007111111111111111,0.5,0.43816882371902466,0.056724388152360916,0.3098613917827606,0.0403505302965641
1000,0.023544248193502426,0.10676612332463264,3.3333333333333335e-05,0.22222222222222224,0.0008888888888888889,0.5,0.4441490173339844,0.05960874259471893,0.311389297246933,0.020042141899466515
1200,0.019847190007567406,,4e-05,0.26666666666666666,0.0010666666666666667,0.5,0.05378679931163788,0.021378301084041595,0.05034162104129791,0.028185224160552025
1400,0.019083179533481598,,4.666666666666667e-05,0.3111111111111111,0.0012444444444444445,0.5,0.09983959794044495,0.01003210712224245,0.041847169399261475,0.03182000666856766
1600,0.014311347156763077,,4.999978305081433e-05,0.35555555555555557,0.0014222222222222223,0.5,0.06974360346794128,0.01696673035621643,0.052147138863801956,0.01640913262963295
1800,0.02583623304963112,,4.9998047481110086e-05,0.4,0.0016,0.5,0.016490034759044647,0.0336759127676487,5.003736077924259e-05,0.024731572717428207
2000,0.0271992739289999,0.14953026697039604,4.9994576468532316e-05,0.4444444444444445,0.0017777777777777779,0.5,0.018108293414115906,0.03308459371328354,4.7117253416217864e-05,0.02498985268175602
2200,0.02711108699440956,,4.998937026673321e-05,0.48888888888888893,0.001955555555555556,0.5,0.030424121767282486,0.028755981475114822,0.019951365888118744,0.02602718025445938
2400,0.020115043967962265,,4.998242925616786e-05,0.5333333333333333,0.0021333333333333334,0.5,0.09934331476688385,0.010131768882274628,0.26176151633262634,0.0283060185611248
2600,0.019176531583070755,,4.9973753944066484e-05,0.5777777777777777,0.002311111111111111,0.5,0.11240266263484955,0.0076732938177883625,0.30486613512039185,0.028076987713575363
2800,0.018207300454378128,,4.996334496439737e-05,0.6222222222222222,0.002488888888888889,0.5,0.11296796053647995,0.007574576418846846,0.3160662055015564,0.025415152311325073
3000,0.01995600201189518,0.15946254581212999,4.995120307782049e-05,0.6666666666666666,0.0026666666666666666,0.5,0.11551710218191147,0.007137360516935587,0.3133293092250824,0.028724433854222298
3200,0.0193079374730587,,4.9937329171631975e-05,0.7111111111111111,0.0028444444444444446,0.5,0.11715221405029297,0.006863756105303764,0.32346877455711365,0.027013909071683884
3400,0.019761959090828896,,4.992172425969925e-05,0.7555555555555555,0.003022222222222222,0.5,0.11882384866476059,0.006589568220078945,0.3264290690422058,0.02759326621890068
3600,0.020618554204702377,,4.990438948238693e-05,0.8,0.0032,0.5,0.11627919971942902,0.007009172812104225,0.3180820941925049,0.02798670530319214
3800,0.02103155292570591,,4.9885326106473505e-05,0.8444444444444444,0.003377777777777778,0.5,0.12937802076339722,0.004987464286386967,0.3452235460281372,0.031307656317949295
4000,0.02136707864701748,0.10773896872997284,4.9864535525058776e-05,0.888888888888889,0.0035555555555555557,0.5,0.13199320435523987,0.004624924622476101,0.35003340244293213,0.03202294185757637
4200,0.02598632499575615,,4.984201925746201e-05,0.9333333333333333,0.0037333333333333337,0.5,0.13474954664707184,0.004257622174918652,0.33135467767715454,0.041550975292921066
4400,0.022552210837602615,,4.981777894911094e-05,0.9777777777777779,0.003911111111111112,0.5,0.13992434740066528,0.003609084291383624,0.36050695180892944,0.035226691514253616
4600,0.021659789606928825,,4.9791816371421546e-05,1.0222222222222224,0.004088888888888889,0.5,0.14240550994873047,0.0033171256072819233,0.37419578433036804,0.03347780928015709
4800,0.02141861617565155,,4.976413342166854e-05,1.0666666666666667,0.004266666666666667,0.5,0.13866549730300903,0.0037619215436279774,0.3635851740837097,0.031709205359220505
5000,0.02181457355618477,0.06560142040252685,4.97347321228468e-05,1.1111111111111112,0.0044444444444444444,0.5,0.1439552903175354,0.0031410097144544125,0.37828418612480164,0.033286597579717636
5200,0.02145651914179325,,4.970361462352346e-05,1.1555555555555554,0.004622222222222222,0.5,0.14496484398841858,0.0030288686975836754,0.3833959102630615,0.03236870467662811
5400,0.022455910220742226,,4.9670783197680934e-05,1.2,0.0048,0.5,0.14322476089000702,0.003223428037017584,0.37567421793937683,0.03356911987066269
5600,0.021883156150579453,,4.963624024455074e-05,1.2444444444444445,0.004977777777777778,0.5,0.13808324933052063,0.0038336843717843294,0.3704531192779541,0.030536632984876633
5800,0.024065807461738586,,4.9599988288438164e-05,1.2888888888888888,0.005155555555555556,0.5,0.15557761490345,0.001973348669707775,0.3930460214614868,0.0389920175075531
6000,0.023878127336502075,0.047644376382231714,4.9562029978537804e-05,1.3333333333333333,0.005333333333333333,0.5,0.1548101305961609,0.0020421245135366917,0.3934551775455475,0.03811373561620712
6200,0.023307688534259796,,4.9522368088739953e-05,1.3777777777777778,0.005511111111111112,0.5,0.15190857648849487,0.0023127852473407984,0.3918934166431427,0.035922832787036896
6400,0.022678133100271225,,4.948100551742789e-05,1.4222222222222223,0.005688888888888889,0.5,0.14711150527000427,0.0027971931267529726,0.3868470788002014,0.03299834579229355
6600,0.02485513873398304,,4.94379452872661e-05,1.4666666666666668,0.005866666666666667,0.5,0.15486837923526764,0.002036863472312689,0.39089375734329224,0.03914899006485939
6800,0.023845408111810684,,4.939319054497937e-05,1.511111111111111,0.006044444444444444,0.5,0.15072587132453918,0.002427940024062991,0.38757091760635376,0.03566773980855942
7000,0.022977087646722794,0.04096383266150951,4.9346744561122844e-05,1.5555555555555556,0.006222222222222223,0.5,0.15074610710144043,0.002425946295261383,0.3933412730693817,0.033511873334646225
7200,0.02398023009300232,,4.9298610729842974e-05,1.6,0.0064,0.5,0.15376117825508118,0.0021380288526415825,0.3963571786880493,0.03604539483785629
7400,0.023084498941898346,,4.924879256862956e-05,1.6444444444444444,0.006577777777777778,0.5,0.15221460163593292,0.0022834446281194687,0.39942052960395813,0.0334044024348259
7600,0.024144116789102554,,4.9197293718058654e-05,1.6888888888888889,0.006755555555555556,0.5,0.1544552445411682,0.002074324991554022,0.39856845140457153,0.03589652106165886
7800,0.024898678064346313,,4.9144117941526516e-05,1.7333333333333334,0.006933333333333334,0.5,0.15950803458690643,0.001639599446207285,0.4045567810535431,0.038503557443618774
8000,0.024675410240888596,0.03786721415817738,4.9089269124974615e-05,1.777777777777778,0.0071111111111111115,0.5,0.15645435452461243,0.0018962235189974308,0.40098661184310913,0.03690577298402786
8200,0.0249320175498724,,4.903275127660563e-05,1.8222222222222224,0.007288888888888889,0.5,0.15768371522426605,0.0017906682332977653,0.4026348888874054,0.037468522787094116
8400,0.025410909205675125,,4.897456852659059e-05,1.8666666666666667,0.0074666666666666675,0.5,0.15630298852920532,0.0019094290910288692,0.398385614156723,0.037744056433439255
8600,0.024425994604825974,,4.8914725126766974e-05,1.9111111111111112,0.007644444444444445,0.5,0.1581457406282425,0.0017517792293801904,0.4079175293445587,0.03591969236731529
8800,0.02449336275458336,,4.885322545032808e-05,1.9555555555555557,0.007822222222222223,0.5,0.15751387178897858,0.0018050713697448373,0.4050312936306,0.03559040278196335
9000,0.02514949068427086,0.03653925359249115,4.879007399150338e-05,2.0,0.008,0.5,0.15202468633651733,0.0023016310296952724,0.39523789286613464,0.03476865217089653
9200,0.02514658495783806,,4.872527536523015e-05,2.0444444444444447,0.008177777777777779,0.5,0.15863364934921265,0.001711175194941461,0.40727654099464417,0.036635130643844604
9400,0.026058536022901535,,4.865883430681617e-05,2.088888888888889,0.008355555555555557,0.5,0.16330334544181824,0.0013466447126120329,0.4112512767314911,0.03961862623691559
9600,0.026386018842458725,,4.8590755671593714e-05,2.1333333333333333,0.008533333333333334,0.5,0.16343653202056885,0.0013368873624131083,0.4104156196117401,0.04006355628371239
9800,0.026934511959552765,,4.8521044434564716e-05,2.1777777777777776,0.00871111111111111,0.5,0.16646121442317963,0.0011248503578826785,0.413573682308197,0.04176430404186249
10000,0.026109769940376282,0.035425375774502756,4.844970569003724e-05,2.2222222222222223,0.008888888888888889,0.5,0.1649225801229477,0.0012304255506023765,0.41602396965026855,0.039354998618364334
10200,0.026057476177811623,,4.837674465125316e-05,2.2666666666666666,0.009066666666666666,0.5,0.1613348424434662,0.0014949946198612452,0.4108469784259796,0.03788761794567108
10400,0.026227636262774467,,4.830216665000723e-05,2.311111111111111,0.009244444444444444,0.5,0.16374532878398895,0.0013144013937562704,0.414760559797287,0.03871135413646698
10600,0.026563039049506187,,4.822597713625742e-05,2.3555555555555556,0.009422222222222222,0.5,0.16515815258026123,0.0012139545287936926,0.4160912036895752,0.03956599533557892
10800,0.02590801566839218,,4.8148181677726676e-05,2.4,0.0096,0.5,0.16372369229793549,0.0013159706722944975,0.4179595410823822,0.03747455030679703
11000,0.027707580476999283,0.03523482419550419,4.8068785959496014e-05,2.444444444444444,0.009777777777777778,0.5,0.14895747601985931,0.0026053395122289658,0.385145902633667,0.03514620289206505
11200,0.026533756405115128,,4.79877957835891e-05,2.488888888888889,0.009955555555555556,0.5,0.16394354403018951,0.0013000682229176164,0.4162658452987671,0.03830774873495102
11400,0.02631276473402977,,4.790521706854823e-05,2.5333333333333337,0.010133333333333334,0.5,0.16531705856323242,0.0012029065983369946,0.4205591678619385,0.0380074717104435
11600,0.027637038379907608,,4.782105584900184e-05,2.5777777777777775,0.010311111111111111,0.5,0.16933952271938324,0.0009400650742463768,0.42087268829345703,0.04174818843603134
11800,0.027017856016755104,,4.7735318275223494e-05,2.6222222222222227,0.01048888888888889,0.5,0.16802819073200226,0.0010221967240795493,0.4226749837398529,0.03980807587504387
12000,0.02708945795893669,0.03437336236238479,4.7648010612682454e-05,2.6666666666666665,0.010666666666666666,0.5,0.16649749875068665,0.0011224177433177829,0.42034798860549927,0.0392252616584301
12200,0.027037564665079117,,4.75591392415858e-05,2.7111111111111112,0.010844444444444446,0.5,0.16854408383369446,0.0009894748218357563,0.4247746765613556,0.03949708491563797
12400,0.027897823601961136,,4.74687106564122e-05,2.7555555555555555,0.011022222222222223,0.5,0.1693827360868454,0.0009374170331284404,0.42210403084754944,0.04132438823580742
12600,0.02774990350008011,,4.737673146543729e-05,2.8000000000000003,0.011200000000000002,0.5,0.1686796396970749,0.0009809652110561728,0.422379732131958,0.04054509475827217
12800,0.02747853845357895,,4.728320839025077e-05,2.8444444444444446,0.011377777777777778,0.5,0.16882021725177765,0.0009721790556795895,0.42478570342063904,0.039760224521160126
13000,0.028053637593984604,0.03395559825003147,4.7188148265265214e-05,2.8888888888888884,0.011555555555555555,0.5,0.16808666288852692,0.0010184613056480885,0.4210401773452759,0.04049212858080864
13200,0.028288211673498154,,4.709155803721665e-05,2.9333333333333336,0.011733333333333333,0.5,0.17148816585540771,0.0008129248744808137,0.42612361907958984,0.04180756211280823
13400,0.027986830100417137,,4.6993444764656835e-05,2.9777777777777774,0.01191111111111111,0.5,0.17006899416446686,0.000895865261554718,0.4260154366493225,0.04048965126276016
13600,0.028202204033732414,,4.689381561743753e-05,3.022222222222222,0.012088888888888889,0.5,0.16956594586372375,0.0009262318490073085,0.4246216416358948,0.040539443492889404
13800,0.028713900595903397,,4.679267787618647e-05,3.0666666666666664,0.012266666666666665,0.5,0.1723676323890686,0.0007635478978045285,0.4271288216114044,0.042265813797712326
14000,0.029056081548333168,0.033625197038054465,4.669003893177539e-05,3.111111111111111,0.012444444444444445,0.5,0.173676535487175,0.0006929249502718449,0.42809730768203735,0.043145764619112015
14200,0.028325922787189484,,4.6585906284779836e-05,3.1555555555555554,0.012622222222222222,0.5,0.17165231704711914,0.0008035912760533392,0.42930957674980164,0.04074260964989662
14400,0.030141450464725494,,4.6480287544931105e-05,3.2,0.0128,0.5,0.17728258669376373,0.0005160809960216284,0.4293161928653717,0.04598948732018471
14600,0.028206344693899155,,4.6373190430560126e-05,3.2444444444444445,0.012977777777777777,0.5,0.1696052849292755,0.0009238388738594949,0.42792490124702454,0.03931097313761711
14800,0.02937990427017212,,4.6264622768033435e-05,3.2888888888888888,0.013155555555555556,0.5,0.17406752705574036,0.0006724933045916259,0.429363876581192,0.04303925856947899
15000,0.02950010448694229,0.03343237228691578,4.615459249118122e-05,3.333333333333333,0.013333333333333332,0.5,0.17324282228946686,0.0007159467204473913,0.42788687348365784,0.04281691461801529
15200,0.028800319880247116,,4.604310764071757e-05,3.3777777777777778,0.013511111111111113,0.5,0.17152521014213562,0.0008108137990348041,0.42958343029022217,0.04051484167575836
15400,0.029083777219057083,,4.593017636365286e-05,3.422222222222222,0.01368888888888889,0.5,0.1765725463628769,0.0005488457391038537,0.43049296736717224,0.0426250696182251
15600,0.02979450300335884,,4.5815806912698396e-05,3.466666666666667,0.013866666666666668,0.5,0.17624735832214355,0.0005641881143674254,0.4331628382205963,0.04366425424814224
15800,0.029471835121512413,,4.5700007645663324e-05,3.511111111111111,0.014044444444444444,0.5,0.1748315989971161,0.0006334485369734466,0.4331095516681671,0.04232988879084587
16000,0.02993694506585598,0.033271987736225125,4.5582787024843894e-05,3.555555555555556,0.014222222222222223,0.5,0.17389918863773346,0.0006812525098212063,0.4295351505279541,0.04281153902411461
16200,0.02916944958269596,,4.5464153616405e-05,3.5999999999999996,0.0144,0.5,0.17190676927566528,0.0007892297580838203,0.4312552511692047,0.04023629426956177
16400,0.03000638633966446,,4.5344116089754256e-05,3.644444444444445,0.014577777777777778,0.5,0.17603625357151031,0.0005742612993344665,0.4339098632335663,0.043176162987947464
16600,0.029063662514090538,,4.522268321690839e-05,3.6888888888888887,0.014755555555555555,0.5,0.17558477818965912,0.0005961032002232969,0.43901559710502625,0.04077357053756714
16800,0.030444679781794548,,4.509986387185228e-05,3.7333333333333334,0.014933333333333335,0.5,0.17648570239543915,0.0005529223126359284,0.43337053060531616,0.043817538768053055
17000,0.02980802208185196,0.03314854167401791,4.497566702989039e-05,3.7777777777777777,0.015111111111111112,0.5,0.17481514811515808,0.0006342768901959062,0.4346926808357239,0.04168635234236717
17200,0.03704816475510597,,4.485010176699095e-05,3.8222222222222224,0.01528888888888889,0.5,0.25786271691322327,0.0033480937127023935,0.33374544978141785,0.03829681873321533
17400,0.023964395746588707,,4.472317725912269e-05,3.8666666666666667,0.015466666666666667,0.5,0.18862280249595642,0.0001294406974921003,0.3861030042171478,0.03498433157801628
17600,0.029019642621278763,,4.4594902781584244e-05,3.9111111111111114,0.015644444444444447,0.5,0.17938104271888733,0.0004251415084581822,0.4331526458263397,0.04116086661815643
17800,0.026073066517710686,,4.4465287708326376e-05,3.9555555555555557,0.015822222222222224,0.5,0.18338847160339355,0.00027594296261668205,0.40266722440719604,0.03722093626856804
18000,0.02073032595217228,0.037720296531915665,4.4334341511266945e-05,4.0,0.016,0.5,0.1872951090335846,0.00016141432570293546,0.343180775642395,0.029187552630901337
18200,0.021169539541006088,,4.4202073759598745e-05,4.044444444444444,0.016177777777777777,0.5,0.18549107015132904,0.00021050912619102746,0.32378989458084106,0.03015989437699318
18400,0.027557827532291412,,4.406849411909017e-05,4.0888888888888895,0.016355555555555557,0.5,0.15958313643932343,0.001633523148484528,0.3547211289405823,0.03015374206006527
18600,0.021510398015379906,,4.393361235137892e-05,4.133333333333333,0.016533333333333334,0.5,0.20273832976818085,7.498433660657611e-06,0.36532849073410034,0.030878612771630287
18800,0.023567676544189453,,4.379743831325858e-05,4.177777777777778,0.016711111111111114,0.5,0.17168238759040833,0.0008018873631954193,0.3340299725532532,0.029271116480231285
19000,0.02936318702995777,0.034867807663977145,4.3659981955958376e-05,4.222222222222222,0.01688888888888889,0.5,0.16803033649921417,0.0010220595868304372,0.3993920087814331,0.036605075001716614
19200,0.026855293661355972,,4.352125332441594e-05,4.266666666666667,0.017066666666666667,0.5,0.19890011847019196,1.2097459602955496e-06,0.4212680757045746,0.03932098299264908
19400,0.026190049946308136,,4.338126255654324e-05,4.311111111111111,0.017244444444444444,0.5,0.168318971991539,0.0010036877356469631,0.351518452167511,0.03160259872674942
19600,0.026275916025042534,,4.324001988248576e-05,4.355555555555555,0.01742222222222222,0.5,0.24162758886814117,0.0017328559188172221,0.3289063274860382,0.025996174663305283
19800,0.02626940980553627,,4.3097535623874875e-05,4.4,0.0176,0.5,0.25259771943092346,0.002766519784927368,0.2472364753484726,0.019490724429488182
20000,0.08675198256969452,0.036095292493700984,4.295382019307359e-05,4.444444444444445,0.017777777777777778,0.5,0.3289296627044678,0.01662285625934601,0.17259179055690765,0.019608652219176292
20200,0.014167551882565022,,4.280888409241566e-05,4.488888888888889,0.017955555555555554,0.5,0.19613169133663177,1.496383538324153e-05,0.1602378487586975,0.022446442395448685
20400,0.027802065014839172,,4.266273791343804e-05,4.533333333333333,0.01813333333333333,0.5,0.13724252581596375,0.003938500769436359,0.08177579939365387,0.016929319128394127
20600,0.019511353224515915,,4.251539233610696e-05,4.5777777777777775,0.01831111111111111,0.5,0.2327595204114914,0.0010731859365478158,0.1471939980983734,0.02380652353167534
20800,0.014631135389208794,,4.236685812803739e-05,4.622222222222222,0.018488888888888888,0.5,0.17021898925304413,0.0008869087905623019,0.09665457904338837,0.017489220947027206
21000,0.011540886014699936,0.021639321371912955,4.2217146143706273e-05,4.666666666666667,0.018666666666666668,0.5,0.20131786167621613,1.7367515283694956e-06,0.1180698350071907,0.01865762285888195
21200,0.010928158648312092,,4.206626732365918e-05,4.711111111111111,0.018844444444444445,0.5,0.21445438265800476,0.00020892909378744662,0.09110908955335617,0.01645394042134285
21400,0.011054783128201962,,4.191423269371089e-05,4.7555555555555555,0.01902222222222222,0.5,0.21414101123809814,0.00019996811170130968,0.08591175079345703,0.016939181834459305
21600,0.02155560441315174,,4.1761053364139654e-05,4.8,0.0192,0.5,0.2471642643213272,0.0022244674619287252,0.1314353346824646,0.016709204763174057
21800,0.016430625692009926,,4.160674052887524e-05,4.844444444444445,0.01937777777777778,0.5,0.16147656738758087,0.001484055072069168,0.05402866378426552,0.01638849638402462
22000,0.010978205129504204,0.014025339856743813,4.145130546468096e-05,4.888888888888888,0.019555555555555555,0.5,0.21556268632411957,0.000242197114857845,0.07416027039289474,0.016687771305441856
22200,0.01005436573177576,,4.129475953032954e-05,4.933333333333334,0.019733333333333335,0.5,0.20230965316295624,5.334483830665704e-06,0.05855134129524231,0.01774527132511139
22400,0.010761125944554806,,4.1137114165773104e-05,4.977777777777778,0.019911111111111112,0.5,0.1999792456626892,4.308662315821721e-10,0.07655517756938934,0.018473651260137558
22600,0.010290702804923058,,4.097838089130717e-05,5.0,0.02,0.5,0.18096843361854553,0.0003622006333898753,0.04841914027929306,0.015022632665932178
22800,0.03780572861433029,,4.081857130672871e-05,5.0,0.02,0.5,0.12201351672410965,0.006081892177462578,0.03548387065529823,0.0133731784299016
23000,0.007010744418948889,0.013851240463554858,4.0657697090488564e-05,5.0,0.02,0.5,0.1872730255126953,0.00016197595687117428,0.033048223704099655,0.011079800315201283
23200,0.00621075602248311,,4.049576999883795e-05,5.0,0.02,0.5,0.19876033067703247,1.536787408440432e-06,0.05301658809185028,0.010285480879247189
23400,0.0263606496155262,,4.033280186496937e-05,5.0,0.02,0.5,0.14169566333293915,0.0033993960823863745,0.04676041379570961,0.016856923699378967
23600,0.018924100324511528,,4.0168804598151836e-05,5.0,0.02,0.5,0.1530199497938156,0.0022071253042668104,0.027567559853196144,0.01467424537986517
23800,0.009841974824666977,,4.000379018286065e-05,5.0,0.02,0.5,0.2091614305973053,8.393175812670961e-05,0.031893808394670486,0.017568880692124367
24000,0.011598233133554459,0.013330909283831715,3.983777067790153e-05,5.0,0.02,0.5,0.21686579287052155,0.0002844548725988716,0.045803364366292953,0.01851978339254856
24200,0.011477983556687832,,3.967075821552944e-05,5.0,0.02,0.5,0.19031177461147308,9.386176679981872e-05,0.055027686059474945,0.019816242158412933
24400,0.048843253403902054,,3.950276500056197e-05,5.0,0.02,0.5,0.11239046603441238,0.007675430737435818,0.025240737944841385,0.019922567531466484
24600,0.014814063906669617,,3.9333803309487436e-05,5.0,0.02,0.5,0.18574164807796478,0.00020330068946350366,0.07996644079685211,0.024396464228630066
24800,0.027697009965777397,,3.916388548956779e-05,5.0,0.02,0.5,0.2012840360403061,1.6487408629473066e-06,0.3864254951477051,0.039920512586832047
25000,0.03072822280228138,0.04949568510055542,3.8993023957936245e-05,5.0,0.02,0.5,0.1952100545167923,2.294360638188664e-05,0.38432708382606506,0.04585392773151398
25200,0.03189275413751602,,3.8821231200689954e-05,5.0,0.02,0.5,0.15659727156162262,0.0018837971147149801,0.2752622663974762,0.03393704816699028
25400,0.031376004219055176,,3.864851977197747e-05,5.0,0.02,0.5,0.17725922167301178,0.0005171431112103164,0.39913779497146606,0.041615068912506104
25600,0.030159486457705498,,3.8474902293081374e-05,5.0,0.02,0.5,0.17851261794567108,0.0004617077065631747,0.4133734107017517,0.03916696086525917
25800,0.0322321392595768,,3.8300391451495956e-05,5.0,0.02,0.5,0.18250836431980133,0.0003059574228245765,0.4282369613647461,0.044275227934122086
26000,0.029533537104725838,0.05846855752170086,3.8125e-05,5.0,0.02,0.5,0.18160203099250793,0.00033848537714220583,0.40328219532966614,0.03955093398690224
26200,0.03180225193500519,,3.79487407557249e-05,5.0,0.02,0.5,0.1797730028629303,0.00040913152042776346,0.42213451862335205,0.04262780398130417
26400,0.03269803896546364,,3.777162659921796e-05,5.0,0.02,0.5,0.17429891228675842,0.0006605460657738149,0.4287286698818207,0.0416414700448513
26600,0.03349510580301285,,3.759367047350118e-05,5.0,0.02,0.5,0.16339634358882904,0.001339827897027135,0.40440353751182556,0.03741579130291939
26800,0.03250079229474068,,3.7414885383125374e-05,5.0,0.02,0.5,0.1722492128610611,0.0007701063295826316,0.4133438766002655,0.04076676443219185
27000,0.030821222811937332,0.05255526788532734,3.7235284393219835e-05,5.0,0.02,0.5,0.18176059424877167,0.00033267601975239813,0.428642600774765,0.04116998240351677
27200,0.033553749322891235,,3.70548806285376e-05,5.0,0.02,0.5,0.18125604093074799,0.0003513361152727157,0.4287588596343994,0.04644378647208214
27400,0.033960793167352676,,3.6873687272496276e-05,5.0,0.02,0.5,0.19502553343772888,2.4745348127908073e-05,0.4483536183834076,0.04973999038338661
27600,0.03286586329340935,,3.6691717566214704e-05,5.0,0.02,0.5,0.18035487830638885,0.0003859309363178909,0.4336000680923462,0.04452841356396675
27800,0.0326627716422081,,3.650898480754526e-05,5.0,0.02,0.5,0.1778639405965805,0.0004900052445009351,0.43779852986335754,0.04291355237364769
28000,0.03408055752515793,0.038135314173996446,3.632550235010214e-05,5.0,0.02,0.5,0.18243421614170074,0.0003085568605456501,0.43829622864723206,0.04754369333386421
28200,0.03274635970592499,,3.614128360228548e-05,5.0,0.02,0.5,0.18132030963897705,0.00034893094561994076,0.4437389373779297,0.04425385221838951
28400,0.032241128385066986,,3.595634202630153e-05,5.0,0.02,0.5,0.17699994146823883,0.0005290028057061136,0.43894028663635254,0.04163461923599243
28600,0.03290481120347977,,3.577069113717886e-05,5.0,0.02,0.5,0.18083958327770233,0.00036712168366648257,0.4423741400241852,0.044443439692258835
28800,0.032121121883392334,,3.558434450178069e-05,5.0,0.02,0.5,0.19083189964294434,8.405411790590733e-05,0.449712872505188,0.045413192361593246
29000,0.03229416161775589,0.03319522738456726,3.539731573781353e-05,5.0,0.02,0.5,0.17697834968566895,0.0005299965268932283,0.4296506345272064,0.042102329432964325
29200,0.0318557471036911,,3.520961851283199e-05,5.0,0.02,0.5,0.17748108506202698,0.0005071016494184732,0.4169556200504303,0.04196225479245186
29400,0.032513972371816635,,3.502126654323997e-05,5.0,0.02,0.5,0.18055762350559235,0.0003780061088036746,0.43512529134750366,0.043842874467372894
29600,0.03275519981980324,,3.483227359328834e-05,5.0,0.02,0.5,0.18321341276168823,0.00028178960201330483,0.43859535455703735,0.045148689299821854
29800,0.033184729516506195,,3.464265347406911e-05,5.0,0.02,0.5,0.18448375165462494,0.00024075405963230878,0.4405760169029236,0.046338874846696854
30000,0.0322919599711895,0.03303136751055717,3.4452420042506055e-05,5.0,0.02,0.5,0.17845825850963593,0.00046404675231315196,0.44078493118286133,0.042312055826187134
30200,0.03151148930191994,,3.426158720034222e-05,5.0,0.02,0.5,0.18387937545776367,0.00025987462140619755,0.4423845708370209,0.04272884875535965
30400,0.031186388805508614,,3.407016889312389e-05,5.0,0.02,0.5,0.18290849030017853,0.00029211980290710926,0.43315720558166504,0.042125292122364044
30600,0.031181465834379196,,3.3878179109181584e-05,5.0,0.02,0.5,0.1792360544204712,0.00043114155414514244,0.42683932185173035,0.04097794368863106
30800,0.033220384269952774,,3.368563187860778e-05,5.0,0.02,0.5,0.17736651003360748,0.0005122750299051404,0.43253540992736816,0.044016603380441666
31000,0.032841213047504425,0.03288563042879104,3.3492541272231656e-05,5.0,0.02,0.5,0.18034934997558594,0.00038614816730841994,0.42739689350128174,0.04472506791353226
31200,0.033725496381521225,,3.329892140059078e-05,5.0,0.02,0.5,0.18096637725830078,0.00036227889358997345,0.43596795201301575,0.04638948664069176
31400,0.03238452970981598,,3.310478641290004e-05,5.0,0.02,0.5,0.18378566205501556,0.00026290485402569175,0.4382206201553345,0.044611189514398575
31600,0.035991497337818146,,3.2910150496017566e-05,5.0,0.02,0.5,0.15595783293247223,0.0019397127907723188,0.3993905186653137,0.03661024197936058
31800,0.03252049535512924,,3.2715027873408064e-05,5.0,0.02,0.5,0.18047456443309784,0.00038124274578876793,0.4393673837184906,0.04365386813879013
32000,0.03296550735831261,0.03285311684012413,3.251943280410336e-05,5.0,0.02,0.5,0.1843695491552353,0.0002443110861349851,0.4455687701702118,0.04566515237092972
32200,0.03211113438010216,,3.2323379581660404e-05,5.0,0.02,0.5,0.17888453602790833,0.00044586294097825885,0.4413146674633026,0.04211105406284332
32400,0.03290558606386185,,3.212688253311672e-05,5.0,0.02,0.5,0.17990627884864807,0.0004037577600684017,0.4384121298789978,0.04423711076378822
32600,0.031333811581134796,,3.192995601794347e-05,5.0,0.02,0.5,0.18739427626132965,0.00015890435315668583,0.44101396203041077,0.04343802109360695
32800,0.03214222937822342,,3.1732614426996044e-05,5.0,0.02,0.5,0.18123213946819305,0.0003522326878737658,0.44570180773735046,0.042934056371450424
33000,0.03330620378255844,0.032836975157260896,3.153487218146247e-05,5.0,0.02,0.5,0.1810484677553177,0.00035916068009100854,0.4389122724533081,0.04546431079506874
33200,0.032736629247665405,,3.1336743731809496e-05,5.0,0.02,0.5,0.18175368010997772,0.0003329282917547971,0.4449343681335449,0.04434660077095032
33400,0.03264572471380234,,3.1138243556726645e-05,5.0,0.02,0.5,0.17815737426280975,0.0004771004314534366,0.43910646438598633,0.04295618459582329
33600,0.0309751033782959,,3.09393861620681e-05,5.0,0.02,0.5,0.18410545587539673,0.0002526366151869297,0.4371342360973358,0.04193847253918648
33800,0.03280593827366829,,3.074018607979271e-05,5.0,0.02,0.5,0.18109837174415588,0.0003572716668713838,0.4370180070400238,0.044558439403772354
34000,0.03300347179174423,0.03260767757892609,3.054065786690198e-05,5.0,0.02,0.5,0.17673687636852264,0.0005411730380728841,0.43556860089302063,0.04317247122526169
34200,0.032437488436698914,,3.034081610437633e-05,5.0,0.02,0.5,0.17957867681980133,0.0004170305619481951,0.4378858804702759,0.043189238756895065
34400,0.03306034579873085,,3.0140675396109526e-05,5.0,0.02,0.5,0.17739726603031158,0.0005108836921863258,0.4361373484134674,0.04356636106967926
34600,0.03309498727321625,,2.994025036784147e-05,5.0,0.02,0.5,0.18054209649562836,0.00037861012970097363,0.44014212489128113,0.044798191636800766
34800,0.032727692276239395,,2.973955566608943e-05,5.0,0.02,0.5,0.1798655241727829,0.0004053972370456904,0.44190478324890137,0.04372522234916687
35000,0.032808080315589905,0.032513538002967836,2.9538605957077637e-05,5.0,0.02,0.5,0.1805879771709442,0.00037682673428207636,0.44263073801994324,0.04414266347885132
35200,0.03303487226366997,,2.9337415925665583e-05,5.0,0.02,0.5,0.18159733712673187,0.00033865810837596655,0.4401077330112457,0.04507885500788689
35400,0.03267069533467293,,2.913600027427489e-05,5.0,0.02,0.5,0.17991507053375244,0.00040340449777431786,0.429182231426239,0.044140055775642395
35600,0.0326581709086895,,2.893437372181482e-05,5.0,0.02,0.5,0.18141847848892212,0.00034527305979281664,0.4445619285106659,0.04408113285899162
35800,0.033987175673246384,,2.8732551002606774e-05,5.0,0.02,0.5,0.17593246698379517,0.0005792462616227567,0.4224822223186493,0.045282602310180664
36000,0.03228020668029785,0.03273647353053093,2.8530546865307446e-05,5.0,0.02,0.5,0.17881767451763153,0.00044869104749523103,0.4428369998931885,0.04236001893877983
36200,0.03332747519016266,,2.8328376071831087e-05,5.0,0.02,0.5,0.18311825394630432,0.00028499343898147345,0.44397491216659546,0.04604601860046387
36400,0.03330488130450249,,2.812605339627073e-05,5.0,0.02,0.5,0.18048600852489471,0.0003807959728874266,0.43959784507751465,0.045217886567115784
36600,0.031348757445812225,,2.7923593623818535e-05,5.0,0.02,0.5,0.18477843701839447,0.00023169607447925955,0.43632835149765015,0.042927417904138565
36800,0.03439712896943092,,2.772101154968533e-05,5.0,0.02,0.5,0.19734203815460205,7.06477703715791e-06,0.4563569128513336,0.050469331443309784
37000,0.03182201087474823,0.032832148298621175,2.7518321978019418e-05,5.0,0.02,0.5,0.17972759902477264,0.0004109703586436808,0.42496392130851746,0.04253576323390007
37200,0.03268524259328842,,2.7315539720824733e-05,5.0,0.02,0.5,0.17503228783607483,0.0006233868189156055,0.4191211760044098,0.04237177222967148
37400,0.033151693642139435,,2.7112679596878417e-05,5.0,0.02,0.5,0.17543022334575653,0.0006036740960553288,0.4259166121482849,0.043229978531599045
37600,0.03107006847858429,,2.69097564306479e-05,5.0,0.02,0.5,0.18213112652301788,0.000319296756060794,0.43211981654167175,0.04166237637400627
37800,0.032938677817583084,,2.6706785051207572e-05,5.0,0.02,0.5,0.18575738370418549,0.0002028521994361654,0.44350913166999817,0.04610846936702728
38000,0.03173108398914337,0.03410807214677334,2.6503780291155118e-05,5.0,0.02,0.5,0.1761699914932251,0.0005678694578818977,0.43499118089675903,0.04038383066654205
38200,0.032852888107299805,,2.6300756985527564e-05,5.0,0.02,0.5,0.1855187565088272,0.00020970650075469166,0.4400489330291748,0.04600675776600838
38400,0.030293390154838562,,2.609772997071724e-05,5.0,0.02,0.5,0.17885643243789673,0.0004470505809877068,0.41336098313331604,0.03958183526992798
38600,0.03348784148693085,,2.5894714083387493e-05,5.0,0.02,0.5,0.16734813153743744,0.0010661446722224355,0.40486299991607666,0.040119718760252
38800,0.023337582126259804,,2.5691724159388513e-05,5.0,0.02,0.5,0.19561418890953064,1.923536547110416e-05,0.37503454089164734,0.03148142993450165
39000,0.026205385103821754,0.03576373867690563,2.548877503267319e-05,5.0,0.02,0.5,0.18330812454223633,0.0002786187978927046,0.40215352177619934,0.033538442105054855
39200,0.024334300309419632,,2.528588153421302e-05,5.0,0.02,0.5,0.1933716982603073,4.3934422137681395e-05,0.4120253920555115,0.03174823895096779
39400,0.030136113986372948,,2.5083058490914345e-05,5.0,0.02,0.5,0.16991786658763885,0.0009049349464476109,0.4003203809261322,0.03521006181836128
39600,0.024688832461833954,,2.488032072453486e-05,5.0,0.02,0.5,0.18336167931556702,0.0002768338017631322,0.3630734980106354,0.032086387276649475
39800,0.028165899217128754,,2.4677683050600426e-05,5.0,0.02,0.5,0.16997216641902924,0.0009016709518618882,0.3587844669818878,0.03296371176838875
40000,0.021909013390541077,0.041341792047023776,2.4475160277322422e-05,5.0,0.02,0.5,0.19861552119255066,1.9167898699379293e-06,0.33535611629486084,0.030384613201022148
40200,0.030802860856056213,,2.427276720451563e-05,5.0,0.02,0.5,0.1663174331188202,0.0011345155071467161,0.38845688104629517,0.03472229093313217
40400,0.025878645479679108,,2.4070518622516628e-05,5.0,0.02,0.5,0.18413719534873962,0.00025162866222672164,0.395855575799942,0.033406782895326614
40600,0.028309954330325127,,2.3868429311103034e-05,5.0,0.02,0.5,0.17613749206066132,0.0005694194114767015,0.3732728064060211,0.03599480167031288
40800,0.025452736765146255,,2.3666514038413394e-05,5.0,0.02,0.5,0.20958323776721954,9.183838847093284e-05,0.4078293740749359,0.03367391601204872
41000,0.0279465951025486,0.04019577577710152,2.346478755986796e-05,5.0,0.02,0.5,0.18376047909259796,0.00026372214779257774,0.4035452604293823,0.037114158272743225
41200,0.02859003283083439,,2.3263264617090437e-05,5.0,0.02,0.5,0.22883272171020508,0.0008313256548717618,0.4191078543663025,0.032102495431900024
41400,0.025949478149414062,,2.306195993683069e-05,5.0,0.02,0.5,0.1861533373594284,0.00019173015607520938,0.3717702627182007,0.035110846161842346
41600,0.025885526090860367,,2.2860888229888523e-05,5.0,0.02,0.5,0.189553901553154,0.00010912103607552126,0.40507668256759644,0.03447677567601204
41800,0.02871660515666008,,2.266006419003874e-05,5.0,0.02,0.5,0.18310871720314026,0.0002853155310731381,0.4232807755470276,0.03764882683753967
42000,0.03132077306509018,0.039542391896247864,2.245950249295725e-05,5.0,0.02,0.5,0.17351315915584564,0.0007015528972260654,0.40874183177948,0.03927634656429291
42200,0.026163484901189804,,2.2259217795148674e-05,5.0,0.02,0.5,0.20690524578094482,4.768237704411149e-05,0.4222668707370758,0.034959472715854645
42400,0.024849168956279755,,2.2059224732875315e-05,5.0,0.02,0.5,0.19772657752037048,5.168463303562021e-06,0.3995892107486725,0.033663082867860794
42600,0.02785521186888218,,2.185953792108749e-05,5.0,0.02,0.5,0.17202875018119812,0.000782390998210758,0.38931822776794434,0.03231378644704819
42800,0.02885422483086586,,2.1660171952355616e-05,5.0,0.02,0.5,0.17211417853832245,0.0007776191923767328,0.4010106325149536,0.03389183431863785
43000,0.02694009616971016,0.04026690423488617,2.1461141395803716e-05,5.0,0.02,0.5,0.17421342432498932,0.0006649476126767695,0.3783985376358032,0.03209477663040161
43200,0.024018045514822006,,2.126246079604483e-05,5.0,0.02,0.5,0.19496506452560425,2.5350605938001536e-05,0.39365917444229126,0.03203621879220009
