step,recon_loss,vq_loss,vel_loss,total_loss
200,0.5683039426803589,0.009602464735507965,0.0575161948800087,0.6066645383834839
400,0.42785635590553284,0.026541948318481445,0.10279637575149536,0.505796492099762
600,0.3425326645374298,0.0404907763004303,0.04557786136865616,0.4058123826980591
800,0.4785080552101135,0.06301528960466385,0.05649726837873459,0.569771945476532
1000,0.37323617935180664,0.062359098345041275,0.1030566394329071,0.48712360858917236
1200,0.3014791011810303,0.06228935346007347,0.050577785819768906,0.38905733823776245
1400,0.24579870700836182,0.05860689654946327,0.03754803165793419,0.32317960262298584
1600,0.272616982460022,0.07316296547651291,0.03412635251879692,0.3628431260585785
1800,0.2069743126630783,0.062237367033958435,0.038978997617959976,0.2887011766433716
2000,0.18436342477798462,0.04568086564540863,0.029165133833885193,0.24462684988975525
2200,0.2438867837190628,0.05895980820059776,0.04623137041926384,0.32596227526664734
2400,0.15340721607208252,0.03929809480905533,0.028200741857290268,0.20680567622184753
2600,0.16220586001873016,0.05247138440608978,0.026995865628123283,0.22817517817020416
2800,0.178002268075943,0.05183904990553856,0.022028066217899323,0.2408553510904312
3000,0.14572229981422424,0.048110347241163254,0.025019124150276184,0.20634222030639648
3200,0.11753549426794052,0.029797140508890152,0.0175805501639843,0.15612290799617767
3400,0.19142217934131622,0.055571045726537704,0.029265718534588814,0.26162609457969666
3600,0.11192812025547028,0.0377245657145977,0.014857238158583641,0.15708130598068237
3800,0.13522933423519135,0.04954734072089195,0.014039224945008755,0.19179628789424896
4000,0.20241613686084747,0.06804942339658737,0.03523241728544235,0.2880817651748657
4200,0.15423785150051117,0.058171361684799194,0.02840704843401909,0.22661273181438446
4400,0.1578093320131302,0.05559011176228523,0.03184368833899498,0.22932128608226776
4600,0.1638636440038681,0.05128404498100281,0.03422422707080841,0.2322598099708557
4800,0.2463562935590744,0.08027893304824829,0.05040162056684494,0.35183605551719666
5000,0.13438260555267334,0.04596414417028427,0.024297775700688362,0.19249564409255981
5200,0.13466526567935944,0.0541028268635273,0.01588863506913185,0.1967124044895172
5400,0.11429458856582642,0.033096376806497574,0.01819663681089878,0.1564892828464508
5600,0.1474265158176422,0.04751715809106827,0.03333963081240654,0.2116134762763977
5800,0.18694311380386353,0.04118402674794197,0.13748547434806824,0.2968698740005493
6000,0.17342957854270935,0.060542989522218704,0.06574611365795135,0.26684561371803284
6200,0.19044111669063568,0.05219614505767822,0.1549266129732132,0.3201005756855011
6400,0.12056443095207214,0.04029957950115204,0.019738201051950455,0.17073310911655426
6600,0.12081661075353622,0.045944664627313614,0.024355771020054817,0.17893916368484497
6800,0.11561588943004608,0.034406714141368866,0.031939465552568436,0.16599233448505402
7000,0.14056049287319183,0.04215908795595169,0.020419055595993996,0.19292911887168884
7200,0.13955116271972656,0.04895671457052231,0.040235087275505066,0.2086254358291626
7400,0.09680353105068207,0.036446742713451385,0.01962846890091896,0.1430644989013672
7600,0.1020827442407608,0.041804470121860504,0.016544753685593605,0.15215960144996643
7800,0.13905899226665497,0.055254846811294556,0.0486379899084568,0.21863283216953278
8000,0.1242775246500969,0.04684991016983986,0.028381429612636566,0.18531815707683563
8200,0.10924755036830902,0.04139579087495804,0.023200275376439095,0.16224348545074463
8400,0.134327694773674,0.03997848927974701,0.03822597116231918,0.1934191733598709
8600,0.11062276363372803,0.03820481151342392,0.023847782984375954,0.16075147688388824
8800,0.14310607314109802,0.052188094705343246,0.02056172303855419,0.20557503402233124
9000,0.13971295952796936,0.04778337478637695,0.01900353841483593,0.19699810445308685
9200,0.14084894955158234,0.04014042764902115,0.03895486146211624,0.2004668116569519
9400,0.11505623906850815,0.04657408967614174,0.025821134448051453,0.1745409071445465
9600,0.10995049774646759,0.03349125385284424,0.017659083008766174,0.1522713005542755
9800,0.11291830986738205,0.03612973168492317,0.02422052063047886,0.16115830838680267
10000,0.18636934459209442,0.06485051661729813,0.03852645307779312,0.2704831063747406
10200,0.08811155706644058,0.03189047425985336,0.011562216095626354,0.12578314542770386
10400,0.2414662390947342,0.05892348289489746,0.19386351108551025,0.3973214626312256
10600,0.10866701602935791,0.03557327389717102,0.0241143386811018,0.1562974601984024
10800,0.09573853015899658,0.03611583635210991,0.01768472231924534,0.14069673418998718
11000,0.06946025788784027,0.02851942740380764,0.013092010281980038,0.10452569276094437
11200,0.0748743936419487,0.02426787093281746,0.012893455103039742,0.10558899492025375
11400,0.10798667371273041,0.032660264521837234,0.012115607969462872,0.14670473337173462
11600,0.07006853818893433,0.024299772456288338,0.014567690901458263,0.10165215283632278
11800,0.13033483922481537,0.0393788181245327,0.04025636240839958,0.1898418366909027
12000,0.07852378487586975,0.026286209002137184,0.013742384500801563,0.11168118566274643
12200,0.09864630550146103,0.03354739025235176,0.04465297982096672,0.154520183801651
12400,0.09028453379869461,0.030622243881225586,0.018385330215096474,0.13009944558143616
12600,0.07653061300516129,0.02389420010149479,0.023920366540551186,0.11238499730825424
12800,0.09484180063009262,0.029390251263976097,0.030695734545588493,0.1395799219608307
13000,0.16037942469120026,0.04777189716696739,0.028906501829624176,0.22260457277297974
13200,0.09663143008947372,0.028059184551239014,0.018079759553074837,0.13373050093650818
13400,0.08293978869915009,0.026578830555081367,0.015043879859149456,0.11704055964946747
13600,0.09401508420705795,0.032651517540216446,0.019379300996661186,0.13635624945163727
13800,0.08839071542024612,0.023935208097100258,0.01897604763507843,0.12181394547224045
14000,0.1235787495970726,0.03992964327335358,0.023511221632361412,0.17526400089263916
14200,0.09517408907413483,0.024195987731218338,0.02896740846335888,0.13385377824306488
14400,0.07165704667568207,0.020239805802702904,0.015565632842481136,0.09967967122793198
14600,0.09411800652742386,0.02214573137462139,0.024239882826805115,0.12838368117809296
14800,0.08038729429244995,0.029083658009767532,0.015847567468881607,0.11739473044872284
15000,0.08399318903684616,0.026608310639858246,0.018087277188897133,0.1196451410651207
15200,0.06468727439641953,0.029345054179430008,0.012953019700944424,0.10050883889198303
15400,0.06990990787744522,0.02198770083487034,0.012537052854895592,0.09816613048315048
15600,0.06411298364400864,0.018380412831902504,0.01616019569337368,0.09057348966598511
15800,0.09588358551263809,0.03518953174352646,0.017873788252472878,0.1400100141763687
16000,0.0696709007024765,0.024012861773371696,0.016346009448170662,0.1018567681312561
16200,0.10687018930912018,0.02986879274249077,0.018750982359051704,0.14611448347568512
16400,0.08418567478656769,0.02463999018073082,0.020824428647756577,0.11923788487911224
16600,0.09609922766685486,0.027638066560029984,0.02497613988816738,0.1362253576517105
16800,0.0750696137547493,0.022577015683054924,0.01564197987318039,0.10546761751174927
17000,0.08905406296253204,0.024853495880961418,0.01362927258014679,0.120722196996212
17200,0.10264140367507935,0.028355976566672325,0.029012460261583328,0.14550361037254333
17400,0.13025395572185516,0.038694966584444046,0.0375792495906353,0.1877385377883911
17600,0.07515422999858856,0.02220165729522705,0.028433475643396378,0.11157262325286865
17800,0.0973915234208107,0.02819647081196308,0.028058841824531555,0.1396174132823944
18000,0.09225594252347946,0.03291086107492447,0.015728212893009186,0.13303090631961823
18200,0.06469006091356277,0.018790725618600845,0.014319277368485928,0.09064042568206787
18400,0.0818420797586441,0.024207863956689835,0.014081674627959728,0.11309077590703964
18600,0.09940896928310394,0.02985382452607155,0.038456372916698456,0.14849098026752472
18800,0.07545595616102219,0.022818399593234062,0.015806278213858604,0.10617749392986298
19000,0.06024296581745148,0.01933867111802101,0.013410411775112152,0.08628684282302856
19200,0.07279790192842484,0.02374066598713398,0.021268241107463837,0.10717268288135529
19400,0.055220890790224075,0.019271964207291603,0.010849319398403168,0.07991752028465271
19600,0.08454351872205734,0.027276067063212395,0.022882681339979172,0.12326093018054962
19800,0.10920704901218414,0.031041033565998077,0.03234691172838211,0.15642154216766357
20000,0.04333629086613655,0.014120860956609249,0.007662959396839142,0.061288632452487946
20200,0.04304599389433861,0.01212382037192583,0.008243732154369354,0.05929167941212654
20400,0.062333110719919205,0.01860463246703148,0.011074863374233246,0.0864751785993576
20600,0.0862828865647316,0.02865786850452423,0.019403506070375443,0.1246425062417984
20800,0.08626207709312439,0.02522951178252697,0.03212297335267067,0.1275530755519867
21000,0.06704070419073105,0.01936373859643936,0.02049751579761505,0.09665320068597794
21200,0.08631506562232971,0.02589837834239006,0.01661205105483532,0.1205194741487503
21400,0.0631662979722023,0.01766054518520832,0.01739419624209404,0.08952394127845764
21600,0.06257455796003342,0.018729694187641144,0.015719767659902573,0.089164137840271
21800,0.0652216225862503,0.02481253445148468,0.021902963519096375,0.10098563879728317
22000,0.05668162554502487,0.01655702479183674,0.013134891167283058,0.07980609685182571
22200,0.08926145732402802,0.02620892971754074,0.027771543711423874,0.12935616075992584
22400,0.08816855400800705,0.024475853890180588,0.049921002238988876,0.13760490715503693
22600,0.0848722830414772,0.02409977838397026,0.02543109841644764,0.12168760597705841
22800,0.05974828079342842,0.01789379119873047,0.019577588886022568,0.08743086457252502
23000,0.07355283200740814,0.019454995170235634,0.016248401254415512,0.10113202780485153
23200,0.06270770728588104,0.017552008852362633,0.02299249731004238,0.09175596386194229
23400,0.05431387946009636,0.016029968857765198,0.017678089439868927,0.07918289303779602
23600,0.06647182255983353,0.01914702169597149,0.02235138602554798,0.09679453819990158
23800,0.04635237157344818,0.015344911254942417,0.018395740538835526,0.07089515030384064
24000,0.05733088403940201,0.01731363870203495,0.018063675612211227,0.08367636054754257
24200,0.07065997272729874,0.021127259358763695,0.014777826145291328,0.09917614609003067
24400,0.05399848893284798,0.017012834548950195,0.015527229756116867,0.07877493649721146
24600,0.04581345245242119,0.011997533962130547,0.012769173830747604,0.06419557332992554
24800,0.0701509490609169,0.02192337065935135,0.017169125378131866,0.10065887868404388
25000,0.06418115645647049,0.016238408163189888,0.010366414673626423,0.085602767765522
25200,0.04713184013962746,0.01670673117041588,0.008594438433647156,0.06813579052686691
25400,0.08234786987304688,0.021561749279499054,0.024608943611383438,0.1162140890955925
25600,0.06703530997037888,0.019036995247006416,0.021192140877246857,0.09666837751865387
25800,0.06773921102285385,0.02099817618727684,0.020086655393242836,0.09878071397542953
26000,0.06518246233463287,0.016108158975839615,0.02247319370508194,0.09252721071243286
26200,0.1041911393404007,0.029278282076120377,0.03720027208328247,0.152069553732872
26400,0.06050501763820648,0.017239287495613098,0.016350431367754936,0.08591952174901962
26600,0.058680444955825806,0.01917678862810135,0.010709676891565323,0.08321207016706467
26800,0.052165012806653976,0.014551457017660141,0.013109317980706692,0.07327112555503845
27000,0.06379710882902145,0.02065168134868145,0.021817883476614952,0.0953577309846878
27200,0.07734450697898865,0.017833895981311798,0.04304097220301628,0.11669889092445374
27400,0.0691610649228096,0.02224632352590561,0.03164803236722946,0.10723140835762024
27600,0.07828884571790695,0.024363471195101738,0.04469338431954384,0.12499900907278061
27800,0.05881011486053467,0.016581712290644646,0.01331363059580326,0.08204864710569382
28000,0.05895465239882469,0.01738027296960354,0.018133973702788353,0.08540190756320953
28200,0.05216381326317787,0.013323514722287655,0.022265814244747162,0.07662023603916168
28400,0.05940394476056099,0.018193945288658142,0.01544137205928564,0.08531857281923294
28600,0.057931605726480484,0.018792005255818367,0.02190866880118847,0.08767794817686081
28800,0.04615503549575806,0.013341842219233513,0.014066278003156185,0.0665300190448761
29000,0.04673822224140167,0.01572233997285366,0.011327303946018219,0.06812421977519989
29200,0.05834883078932762,0.018622204661369324,0.026787372305989265,0.0903647243976593
29400,0.057807087898254395,0.018377522006630898,0.02207602933049202,0.087222620844841
29600,0.05703609064221382,0.01838761940598488,0.01773705519735813,0.08429224044084549
29800,0.0689162164926529,0.017787452787160873,0.03287678584456444,0.10314206779003143
30000,0.04883970320224762,0.014461306855082512,0.017261549830436707,0.07193178683519363
30200,0.06906979531049728,0.020758526399731636,0.014973020181059837,0.09731482714414597
30400,0.06451098620891571,0.02054915577173233,0.013657975941896439,0.09188912808895111
30600,0.06942132115364075,0.019808270037174225,0.02493746019899845,0.10169832408428192
30800,0.05379224941134453,0.016862211748957634,0.01798429898917675,0.07964660972356796
31000,0.05099386349320412,0.014882462099194527,0.012779739685356617,0.07226619869470596
31200,0.056041307747364044,0.015527701936662197,0.016200892627239227,0.07966946065425873
31400,0.09482205659151077,0.02466632053256035,0.025508712977170944,0.13224272429943085
31600,0.04260094836354256,0.013451490551233292,0.00816197507083416,0.0601334273815155
31800,0.08052676916122437,0.021060612052679062,0.04450041055679321,0.12383759021759033
32000,0.05269920825958252,0.016008729115128517,0.017740782350301743,0.07757832854986191
32200,0.04946552589535713,0.015075556933879852,0.013307731598615646,0.07119495421648026
32400,0.0380578450858593,0.013771860860288143,0.009326494298875332,0.05649295449256897
32600,0.041807666420936584,0.014233383350074291,0.009929787367582321,0.06100594252347946
32800,0.04856625199317932,0.016027824953198433,0.008972296491265297,0.06908022612333298
33000,0.04032260924577713,0.012904167175292969,0.011071907356381416,0.05876272916793823
33200,0.06395473331212997,0.01811925508081913,0.028933200985193253,0.09654058516025543
33400,0.04456714913249016,0.012509635649621487,0.01056609209626913,0.06235983222723007
33600,0.05343935638666153,0.015016024000942707,0.027579225599765778,0.08224499225616455
33800,0.04761748015880585,0.014503373764455318,0.013272153213620186,0.06875693053007126
34000,0.042206596583127975,0.013606784865260124,0.017251696437597275,0.06443922966718674
34200,0.055066052824258804,0.014597496017813683,0.026789352297782898,0.08305822312831879
34400,0.08081161230802536,0.020831873640418053,0.019982900470495224,0.11163493990898132
34600,0.049748122692108154,0.01478474773466587,0.01303611509501934,0.07105092704296112
34800,0.04208553209900856,0.013390148989856243,0.011224140413105488,0.061087753623723984
35000,0.05217772722244263,0.015492074191570282,0.015056389383971691,0.07519799470901489
35200,0.04946416616439819,0.014711211435496807,0.01572069525718689,0.07203572243452072
35400,0.062232960015535355,0.016983510926365852,0.01703427918255329,0.08773361146450043
35600,0.05251343548297882,0.013377980329096317,0.02383175492286682,0.07780729234218597
35800,0.041787296533584595,0.010537578724324703,0.012517405673861504,0.0585835799574852
36000,0.054344139993190765,0.013117334805428982,0.019388729706406593,0.07715584337711334
36200,0.040717240422964096,0.012359614484012127,0.0109562361612916,0.05855497345328331
36400,0.050187744200229645,0.014163651503622532,0.014753878116607666,0.07172833383083344
36600,0.036513783037662506,0.01406866405159235,0.009098023176193237,0.0551314577460289
36800,0.04004068300127983,0.012529406696557999,0.009541647508740425,0.05734091252088547
37000,0.03584274277091026,0.011274847202003002,0.012164578773081303,0.053199879825115204
37200,0.04991705343127251,0.016901176422834396,0.01296324748545885,0.07329985499382019
37400,0.03887287899851799,0.011403997428715229,0.012486753985285759,0.0565202534198761
37600,0.054562944918870926,0.014192542061209679,0.014306537806987762,0.07590875029563904
37800,0.045270610600709915,0.011801398359239101,0.013569903559982777,0.06385695934295654
38000,0.05629023164510727,0.016537372022867203,0.018389161676168442,0.08202219009399414
38200,0.04446549341082573,0.01274543721228838,0.01249528955668211,0.06345857679843903
38400,0.04883652925491333,0.013663425110280514,0.011117227375507355,0.0680585652589798
38600,0.056097082793712616,0.013008820824325085,0.020824389532208443,0.07951809465885162
38800,0.07296984642744064,0.018598726019263268,0.029409753158688545,0.10627344995737076
39000,0.04445986822247505,0.011350143700838089,0.02058389224112034,0.06610196083784103
39200,0.0566851980984211,0.01535523310303688,0.020527226850390434,0.08230404555797577
39400,0.051089026033878326,0.017231665551662445,0.012079757638275623,0.07436057180166245
39600,0.036238595843315125,0.010912371799349785,0.011415353044867516,0.05285864695906639
39800,0.04341540113091469,0.01371209416538477,0.011207912117242813,0.06273145228624344
40000,0.05520939826965332,0.013847308233380318,0.028449373319745064,0.08328139036893845
40200,0.04365477338433266,0.01287398673593998,0.012498467229306698,0.06277799606323242
40400,0.03595605492591858,0.010897396132349968,0.01042113360017538,0.052064020186662674
40600,0.04215731471776962,0.013469805009663105,0.016268134117126465,0.06376118957996368
40800,0.0334743894636631,0.010210388340055943,0.008401578292250633,0.04788556694984436
41000,0.04605775326490402,0.013496499508619308,0.015399398282170296,0.0672539547085762
41200,0.058598704636096954,0.014004677534103394,0.02589239366352558,0.08554957807064056
41400,0.026439789682626724,0.008172771893441677,0.005906198173761368,0.03756566345691681
41600,0.026186972856521606,0.007628989405930042,0.006170133128762245,0.03690102696418762
41800,0.037528231739997864,0.012038685381412506,0.009003165178000927,0.05406849831342697
42000,0.04885691776871681,0.01389929000288248,0.0142747163772583,0.06989356875419617
42200,0.048631999641656876,0.013010255992412567,0.016920562833547592,0.07010253518819809
42400,0.03973756358027458,0.011069217696785927,0.01595255732536316,0.05878306180238724
42600,0.04787902161478996,0.014691948890686035,0.012592955492436886,0.06886745244264603
42800,0.037826620042324066,0.009760360233485699,0.013903399929404259,0.05453868210315704
43000,0.03779149055480957,0.01188363041728735,0.01243369560688734,0.0558919683098793
43200,0.03781111538410187,0.012350986711680889,0.015133541077375412,0.05772887170314789
43400,0.03331700712442398,0.010484397411346436,0.009913310408592224,0.04875805974006653
43600,0.0534140020608902,0.013795578852295876,0.018554937094449997,0.07648704946041107
43800,0.05292874574661255,0.012454066425561905,0.036530956625938416,0.08364828675985336
44000,0.04819394275546074,0.01427176408469677,0.019351216033101082,0.07214131206274033
44200,0.03720381483435631,0.010254275985062122,0.014408472925424576,0.054662324488162994
44400,0.04407280683517456,0.01256608683615923,0.012483419850468636,0.06288060545921326
44600,0.04073754698038101,0.01157729234546423,0.019035112112760544,0.06183239817619324
44800,0.03419670835137367,0.009559453465044498,0.014436506666243076,0.05097441375255585
45000,0.04306483268737793,0.011518117971718311,0.017021041363477707,0.06309346854686737
45200,0.028330570086836815,0.008375284262001514,0.014676179736852646,0.04404394328594208
45400,0.03660837933421135,0.010632580146193504,0.014764701016247272,0.0546233095228672
45600,0.04115211218595505,0.012882563285529613,0.01131121814250946,0.059690285474061966
45800,0.033190976828336716,0.010207938961684704,0.01093312632292509,0.04886547848582268
46000,0.028387565165758133,0.007588997483253479,0.010510855354368687,0.04123198986053467
46200,0.04286690428853035,0.017427396029233932,0.012238061055541039,0.06641332805156708
46400,0.028158459812402725,0.009293179959058762,0.008361593820154667,0.04163243621587753
46600,0.02932252548635006,0.009865186177194118,0.006908962968736887,0.04264219105243683
46800,0.0455484576523304,0.011353942565619946,0.020291805267333984,0.06704830378293991
47000,0.0442989356815815,0.012889104895293713,0.01675371825695038,0.06556490063667297
47200,0.039635881781578064,0.012221520766615868,0.014893675222992897,0.059304241091012955
47400,0.035380877554416656,0.009363153949379921,0.017262984067201614,0.053375519812107086
47600,0.06290694326162338,0.015906650573015213,0.02887936495244503,0.09325327724218369
47800,0.03750566393136978,0.010728997178375721,0.012286968529224396,0.054378144443035126
48000,0.03621136397123337,0.011664753779768944,0.008482882753014565,0.05211756005883217
48200,0.02883511781692505,0.009509405121207237,0.010366411879658699,0.04352772980928421
48400,0.038343869149684906,0.012088521383702755,0.01727089285850525,0.05906783789396286
48600,0.03822661191225052,0.010155864991247654,0.02436741255223751,0.06056618317961693
48800,0.043070197105407715,0.011519682593643665,0.022724110633134842,0.06595193594694138
49000,0.04103648290038109,0.011638332158327103,0.023454682901501656,0.06440215557813644
49200,0.03591033071279526,0.010041698813438416,0.01085437461733818,0.05137921869754791
49400,0.038566481322050095,0.011948950588703156,0.015287878923118114,0.058159369975328445
49600,0.03245513513684273,0.008341929875314236,0.016566090285778046,0.04908011108636856
49800,0.035602882504463196,0.010655232705175877,0.01220815908163786,0.052362192422151566
50000,0.0374099425971508,0.011557858437299728,0.01647436060011387,0.05720498040318489
50200,0.029563240706920624,0.008506433106958866,0.010871740989387035,0.04350554198026657
50400,0.03048093430697918,0.010175924748182297,0.00910473708063364,0.04520922526717186
50600,0.03389620780944824,0.010227590799331665,0.017871040850877762,0.05305931717157364
50800,0.03591938316822052,0.011065773665904999,0.017651651054620743,0.05581098049879074
51000,0.03573564067482948,0.011673671193420887,0.013414248824119568,0.05411643534898758
51200,0.04194268584251404,0.010846278630197048,0.02271803840994835,0.06414798647165298
51400,0.031440168619155884,0.009127815254032612,0.014029830694198608,0.047582898288965225
51600,0.04105428233742714,0.013077578507363796,0.012220976874232292,0.06024235114455223
51800,0.040944091975688934,0.01308857835829258,0.011271748691797256,0.059668540954589844
52000,0.0403783842921257,0.011924558319151402,0.016313079744577408,0.060459479689598083
52200,0.035098847001791,0.010421810671687126,0.01490090973675251,0.05297110974788666
52400,0.03244044631719589,0.00966941099613905,0.010422221384942532,0.04732096940279007
52600,0.0349956639111042,0.010084941051900387,0.012583473697304726,0.05137234181165695
52800,0.05130159482359886,0.014344773255288601,0.019831882789731026,0.07556230574846268
53000,0.027997072786092758,0.008435433730483055,0.006461606826633215,0.03966330736875534
53200,0.047298382967710495,0.012423091568052769,0.024461539462208748,0.07195224612951279
53400,0.031817734241485596,0.010456034913659096,0.01294893678277731,0.048748236149549484
53600,0.031592849642038345,0.00988131295889616,0.0111331045627594,0.04704071581363678
53800,0.02453526295721531,0.009505076333880424,0.007537259254604578,0.037808969616889954
54000,0.02803172543644905,0.009424606338143349,0.008164693601429462,0.04153868183493614
54200,0.030659524723887444,0.01004632469266653,0.00720475148409605,0.04430822283029556
54400,0.026644160971045494,0.008618246763944626,0.009499972686171532,0.04001239314675331
54600,0.04024079442024231,0.011586364358663559,0.021537533029913902,0.0625959262251854
54800,0.02931850031018257,0.009047579020261765,0.008515208028256893,0.04262368381023407
55000,0.036057841032743454,0.010758892633020878,0.021988263353705406,0.057810865342617035
55200,0.028670478612184525,0.009294451214373112,0.009436502121388912,0.042683180421590805
55400,0.024303091689944267,0.00852016918361187,0.009737840853631496,0.03769218176603317
55600,0.03564966842532158,0.010348481126129627,0.01995881088078022,0.05597755312919617
55800,0.049918048083782196,0.012383095920085907,0.016004320234060287,0.0703033059835434
56000,0.029730696231126785,0.009316422045230865,0.009723029099404812,0.043908633291721344
56200,0.027894427999854088,0.008754986338317394,0.009048779495060444,0.04117380455136299
56400,0.03367163985967636,0.010856975801289082,0.012890161015093327,0.050973694771528244
56600,0.03170517459511757,0.009821335785090923,0.01292844396084547,0.04799073189496994
56800,0.038209423422813416,0.010868554003536701,0.014049805700778961,0.05610287934541702
57000,0.03181099519133568,0.009345988743007183,0.01558666955679655,0.04895031824707985
57200,0.028111224994063377,0.007864355109632015,0.01028495468199253,0.04111805558204651
57400,0.03477032855153084,0.009311970323324203,0.015318972058594227,0.05174178630113602
57600,0.027297860011458397,0.008241156116127968,0.008874879218637943,0.03997645527124405
57800,0.0323343388736248,0.009459365159273148,0.011838152073323727,0.0477127805352211
58000,0.02437000535428524,0.009419097565114498,0.007343767210841179,0.03746098652482033
58200,0.027813952416181564,0.009339575655758381,0.008030222728848457,0.041168637573719025
58400,0.02438374236226082,0.007903839461505413,0.009638500399887562,0.03710683435201645
58600,0.03315673768520355,0.011197065934538841,0.010504413396120071,0.04960601031780243
58800,0.024913834407925606,0.007384423166513443,0.009954055771231651,0.0372752882540226
59000,0.03507623448967934,0.009710567072033882,0.01167283859103918,0.050623223185539246
59200,0.029593555256724358,0.008219351060688496,0.010516430251300335,0.04307112097740173
59400,0.036878980696201324,0.011249118484556675,0.01527051255106926,0.055763356387615204
59600,0.030859045684337616,0.009273802861571312,0.010390558280050755,0.04532812908291817
59800,0.029710115864872932,0.009351488202810287,0.009203658439218998,0.04366343468427658
60000,0.035440701991319656,0.009020711295306683,0.015613050200045109,0.05226793885231018
60200,0.049438539892435074,0.013565024361014366,0.02429804392158985,0.07515258342027664
60400,0.029666893184185028,0.007879677228629589,0.017370345070958138,0.046231742948293686
60600,0.038319069892168045,0.011471955105662346,0.016181154176592827,0.05788160115480423
60800,0.03307025134563446,0.011697511188685894,0.00969958957284689,0.04961755871772766
61000,0.024128243327140808,0.007844420149922371,0.009640777483582497,0.036793049424886703
61200,0.029219690710306168,0.010060621425509453,0.009291443973779678,0.04392603039741516
61400,0.03814246505498886,0.009662975557148457,0.022271491587162018,0.05894118547439575
61600,0.02893323078751564,0.009312395006418228,0.00996180810034275,0.04322652891278267
61800,0.024327730759978294,0.00816925149410963,0.008517096750438213,0.036755528301000595
62000,0.028985727578401566,0.009052401408553123,0.012248065322637558,0.04416216164827347
62200,0.023262636736035347,0.007875211536884308,0.007046880666166544,0.03466128930449486
62400,0.031047577038407326,0.009398218244314194,0.011910729110240936,0.04640116170048714
62600,0.038151342421770096,0.00939120166003704,0.019543979316949844,0.05731453001499176
62800,0.01814810000360012,0.006220619194209576,0.004631705116480589,0.02668457105755806
63000,0.018936989828944206,0.0060599748976528645,0.004932179115712643,0.027463054284453392
63200,0.025486422702670097,0.008497056551277637,0.00742585863918066,0.03769640997052193
63400,0.030833754688501358,0.009637858718633652,0.011533524841070175,0.04623837769031525
63600,0.033025968819856644,0.009257989935576916,0.01394787710160017,0.04925789684057236
63800,0.027635209262371063,0.008221875876188278,0.013069559819996357,0.04239186644554138
64000,0.03273404389619827,0.010209210216999054,0.010595347732305527,0.04824092984199524
64200,0.024908704683184624,0.007041378878057003,0.010983665473759174,0.0374419167637825
64400,0.025435732677578926,0.008089865557849407,0.010204372927546501,0.038627784699201584
64600,0.026664763689041138,0.009423624724149704,0.012686392292380333,0.04243158549070358
64800,0.022033600136637688,0.008138741366565228,0.008043386973440647,0.03419403359293938
65000,0.034841690212488174,0.009793129749596119,0.01416793279349804,0.05171878635883331
65200,0.03610068932175636,0.009581709280610085,0.028439747169613838,0.05990227311849594
65400,0.032775986939668655,0.01055197510868311,0.01589353010058403,0.051274724304676056
65600,0.025046097114682198,0.007712201215326786,0.010805361904203892,0.03816097974777222
65800,0.02878859080374241,0.00909387320280075,0.010182942263782024,0.04297393187880516
66000,0.02837587520480156,0.010020812042057514,0.015647007152438164,0.046220190823078156
66200,0.025933898985385895,0.007937692105770111,0.011968733742833138,0.03985595703125
66400,0.02811036817729473,0.009297001175582409,0.01260046474635601,0.043707601726055145
66600,0.020765529945492744,0.0061800223775208,0.012008004821836948,0.03294955566525459
66800,0.02611098252236843,0.00823139026761055,0.011934767477214336,0.04030975326895714
67000,0.027310431003570557,0.01020981278270483,0.008793319575488567,0.04191690310835838
67200,0.022746356204152107,0.007596330251544714,0.008556834422051907,0.03462110459804535
67400,0.020766133442521095,0.006170019507408142,0.008721149526536465,0.03129672631621361
67600,0.0298451017588377,0.012907103635370731,0.01009127963334322,0.04779784753918648
67800,0.020164407789707184,0.007485001347959042,0.0072899386286735535,0.03129437938332558
68000,0.020662203431129456,0.007493983488529921,0.005877429153770208,0.031094901263713837
68200,0.03132494166493416,0.008527170866727829,0.017041916027665138,0.04837306961417198
68400,0.029175538569688797,0.009450044482946396,0.013203182257711887,0.04522717371582985
68600,0.025722872465848923,0.008778202347457409,0.011346636340022087,0.040174394845962524
68800,0.0251671951264143,0.007401252165436745,0.01412998978048563,0.03963344171643257
69000,0.043409768491983414,0.011687882244586945,0.02291593886911869,0.06655561923980713
69200,0.02614535391330719,0.008654538542032242,0.010333406738936901,0.03996659442782402
69400,0.02567100152373314,0.009427687153220177,0.007293374743312597,0.038745373487472534
69600,0.02181314118206501,0.007499386090785265,0.009070114232599735,0.03384758532047272
69800,0.0279004517942667,0.009259670041501522,0.014808058738708496,0.044564150273799896
70000,0.02510828897356987,0.008191368542611599,0.01567666046321392,0.04113798961043358
70200,0.028170477598905563,0.008891355246305466,0.015099222771823406,0.04461144283413887
70400,0.027607448399066925,0.008479280397295952,0.017176847904920578,0.044675156474113464
70600,0.023262718692421913,0.008022328838706017,0.009192492812871933,0.035881295800209045
70800,0.028889918699860573,0.009532158263027668,0.013583362102508545,0.04521375894546509
71000,0.02374337799847126,0.007062522694468498,0.013651789166033268,0.037631794810295105
71200,0.024405017495155334,0.008656322956085205,0.009654531255364418,0.037888605147600174
71400,0.026224374771118164,0.00981388334184885,0.013239291496574879,0.04265790432691574
71600,0.02182978205382824,0.007126310374587774,0.008872073143720627,0.033392131328582764
71800,0.021418286487460136,0.008399531245231628,0.007708059623837471,0.033671848475933075
72000,0.02446683868765831,0.007815806195139885,0.01376399490982294,0.03916464000940323
72200,0.026257848367094994,0.008394765667617321,0.014804070815443993,0.04205464944243431
72400,0.026088668033480644,0.00921307411044836,0.011436299420893192,0.04101989045739174
72600,0.02949022501707077,0.008922920562326908,0.018533382564783096,0.0476798340678215
72800,0.023096954450011253,0.007078266236931086,0.011996292509138584,0.036173366010189056
73000,0.028983311727643013,0.010620241053402424,0.010728837922215462,0.04496797174215317
73200,0.029285931959748268,0.01062722783535719,0.009422970935702324,0.04462464526295662
73400,0.028957735747098923,0.009675255976617336,0.012977365404367447,0.045121677219867706
73600,0.025585604831576347,0.008940858766436577,0.013049516826868057,0.0410512238740921
73800,0.02381594106554985,0.00824352540075779,0.00892696063965559,0.03652294725179672
74000,0.02509264275431633,0.008114063180983067,0.010734648443758488,0.03857402876019478
74200,0.03571333736181259,0.011185801587998867,0.016231995075941086,0.055015139281749725
74400,0.020362183451652527,0.007040060590952635,0.005468766670674086,0.030136628076434135
74600,0.032972048968076706,0.010154102928936481,0.01920083723962307,0.05272657051682472
74800,0.02328614518046379,0.008890064433217049,0.010330249555408955,0.03734133765101433
75000,0.022985506802797318,0.00824178010225296,0.00988005381077528,0.036167312413454056
75200,0.017949342727661133,0.007648676633834839,0.0064557986333966255,0.028825918212532997
75400,0.020218083634972572,0.00763734383508563,0.006974999792873859,0.03134292736649513
75600,0.022284915670752525,0.008756440132856369,0.0060697756707668304,0.03407624363899231
75800,0.018994508311152458,0.007195864804089069,0.008136794902384281,0.030258771032094955
76000,0.02862408384680748,0.009887364692986012,0.017615336924791336,0.047319114208221436
76200,0.021271847188472748,0.007949400693178177,0.007430939469486475,0.03293671831488609
76400,0.027183974161744118,0.008855237625539303,0.018175950273871422,0.04512718692421913
76600,0.02101186290383339,0.007959443144500256,0.008155932649970055,0.03304927423596382
76800,0.017989013344049454,0.007213288452476263,0.007692709565162659,0.029048657044768333
77000,0.02658061869442463,0.009280253201723099,0.015646954998373985,0.043684352189302444
77200,0.034749437123537064,0.010646097362041473,0.013592480681836605,0.05219177529215813
77400,0.02153639681637287,0.007843026891350746,0.008140499703586102,0.033449672162532806
77600,0.020470596849918365,0.00703028030693531,0.007810778450220823,0.03140626475214958
77800,0.02505422942340374,0.00934673473238945,0.011608296073973179,0.04020510986447334
78000,0.023760545998811722,0.008605992421507835,0.011097541078925133,0.03791530802845955
78200,0.027441954240202904,0.008380720391869545,0.012394086457788944,0.042019717395305634
78400,0.023249417543411255,0.007642917335033417,0.013065926730632782,0.03742529824376106
78600,0.020388426259160042,0.007417192216962576,0.009011385962367058,0.03231131285429001
78800,0.025982460007071495,0.008218962699174881,0.013290589675307274,0.04084671661257744
79000,0.02018873579800129,0.007443819660693407,0.007695508189499378,0.03148030862212181
79200,0.023704370483756065,0.008593961596488953,0.00972353108227253,0.03716009855270386
79400,0.018647214397788048,0.008342401124536991,0.0064403098076581955,0.030209772288799286
79600,0.01975683495402336,0.008214512839913368,0.007050489075481892,0.03149659186601639
79800,0.018955964595079422,0.007043181452900171,0.008321343921124935,0.03015981800854206
80000,0.02503977157175541,0.01100472267717123,0.009106602519750595,0.04059779644012451
80200,0.019162513315677643,0.00642823614180088,0.008683278225362301,0.02993238903582096
80400,0.02514050155878067,0.008812188170850277,0.009394386783242226,0.03864988312125206
80600,0.02214639075100422,0.007346278987824917,0.008755586110055447,0.03387046232819557
80800,0.027953093871474266,0.009992273524403572,0.013341986574232578,0.04461636021733284
81000,0.023778744041919708,0.008683362975716591,0.00914677418768406,0.037035491317510605
81200,0.02226351760327816,0.00826963596045971,0.008191554807126522,0.03462893143296242
81400,0.026708772405982018,0.007643732242286205,0.013178091496229172,0.04094155132770538
81600,0.0372631773352623,0.012241416610777378,0.021204669028520584,0.060106925666332245
81800,0.02291540801525116,0.007109913043677807,0.015538402833044529,0.03779452294111252
82000,0.028394585475325584,0.01056325901299715,0.01388501189649105,0.04590035229921341
82200,0.024739747866988182,0.010469755157828331,0.008458875119686127,0.039438940584659576
82400,0.018729666247963905,0.0068322778679430485,0.008641771972179413,0.029882829636335373
82600,0.02227616310119629,0.008724885992705822,0.008459540084004402,0.03523081913590431
82800,0.029056627303361893,0.008724832907319069,0.01910850591957569,0.04733571410179138
83000,0.021885352209210396,0.008290862664580345,0.008609403856098652,0.03448091819882393
83200,0.01913485862314701,0.0073139360174536705,0.007460690103471279,0.030179139226675034
83400,0.0216884333640337,0.007982938550412655,0.010166255757212639,0.03475449979305267
83600,0.01832997426390648,0.0072847576811909676,0.006347593851387501,0.028788527473807335
83800,0.022979049012064934,0.008433645591139793,0.010043783113360405,0.036434587091207504
84000,0.02895338460803032,0.008416465483605862,0.01604502834379673,0.045392364263534546
84200,0.014047539792954922,0.005667550023645163,0.004068661481142044,0.02174942009150982
84400,0.014230840839445591,0.005546011961996555,0.004433141089975834,0.021993422880768776
84600,0.01925882138311863,0.008122648112475872,0.006724752951413393,0.03074384480714798
84800,0.023536009714007378,0.008701377548277378,0.010261958464980125,0.03736836835741997
85000,0.02534644305706024,0.00835737120360136,0.012259764596819878,0.03983369842171669
85200,0.02217138558626175,0.007496586535125971,0.011680029332637787,0.03550798445940018
85400,0.025515319779515266,0.009324830025434494,0.00942181795835495,0.039551060646772385
85600,0.01947110705077648,0.006732207257300615,0.009481589309871197,0.030944108963012695
85800,0.01968924142420292,0.007363526150584221,0.009059063158929348,0.0315822996199131
86000,0.021614886820316315,0.008804919198155403,0.011343002319335938,0.03609130531549454
86200,0.01731564849615097,0.007056341972202063,0.007117895875126123,0.027930939570069313
86400,0.02613786980509758,0.00945818517357111,0.0121472692117095,0.04166968911886215
86600,0.02881789393723011,0.0089174285531044,0.024421552196145058,0.049946095794439316
86800,0.025175495073199272,0.00939742848277092,0.014046261087059975,0.041596051305532455
87000,0.01956193707883358,0.007125102449208498,0.00918734073638916,0.03128071129322052
87200,0.023458123207092285,0.008789096027612686,0.009485441260039806,0.03698993846774101
87400,0.02209862880408764,0.009150266647338867,0.013771232217550278,0.038134511560201645
87600,0.020187649875879288,0.007268460467457771,0.010544570162892342,0.032728396356105804
87800,0.022140322253108025,0.008771798573434353,0.010945810005068779,0.03638502582907677
88000,0.016591589897871017,0.005623859819024801,0.010662375949323177,0.027546638622879982
88200,0.020602092146873474,0.007941558957099915,0.010499421507120132,0.033793359994888306
88400,0.021713778376579285,0.009076203219592571,0.00770236412063241,0.034641165286302567
88600,0.018320737406611443,0.00723373144865036,0.007375278044492006,0.029242107644677162
88800,0.016225198283791542,0.006149461027234793,0.0075705163180828094,0.026159917935729027
89000,0.02337464690208435,0.009216763079166412,0.009085745550692081,0.037134282290935516
89200,0.01595642790198326,0.007213920820504427,0.006594397127628326,0.026467546820640564
89400,0.016617409884929657,0.006952247116714716,0.005269635934382677,0.02620447427034378
89600,0.025851519778370857,0.008327419869601727,0.015621698461472988,0.04198978841304779
89800,0.023982584476470947,0.009243031032383442,0.011856429278850555,0.03915382921695709
90000,0.021422285586595535,0.008350897580385208,0.010024975053966045,0.034785669296979904
90200,0.020563462749123573,0.008006306365132332,0.01279486995190382,0.03496720269322395
90400,0.03491497412323952,0.011288588866591454,0.02042163535952568,0.05641438066959381
90600,0.021254202350974083,0.008221014402806759,0.009340941905975342,0.03414568677544594
90800,0.020880239084362984,0.009170468896627426,0.006618055514991283,0.03335973620414734
91000,0.017853446304798126,0.007351809646934271,0.008323699235916138,0.029367106035351753
91200,0.022822825238108635,0.008762901648879051,0.013610788621008396,0.0383911207318306
91400,0.020069243386387825,0.007486435584723949,0.012711886316537857,0.03391162306070328
91600,0.023226337507367134,0.008650191128253937,0.01340150274336338,0.03857727721333504
91800,0.02213919162750244,0.008055434562265873,0.014952660538256168,0.03767095506191254
92000,0.019378220662474632,0.0076759448274970055,0.008480368182063103,0.03129434958100319
92200,0.02441580221056938,0.009139010682702065,0.012760147452354431,0.03993488848209381
92400,0.01918301358819008,0.0074281711131334305,0.012293078005313873,0.0327577218413353
92600,0.0199870802462101,0.00837035570293665,0.00859903171658516,0.0326569527387619
92800,0.021475398913025856,0.009047754108905792,0.011799832805991173,0.03642306849360466
93000,0.017932984977960587,0.006998714525252581,0.007998679764568806,0.028931038454174995
93200,0.01837104558944702,0.008146563544869423,0.007064508739858866,0.030049864202737808
93400,0.020298155024647713,0.0075937057845294476,0.01203884743154049,0.03391128405928612
93600,0.021916737779974937,0.008346467278897762,0.013653164729475975,0.03708978742361069
93800,0.021900184452533722,0.008846570737659931,0.010541532188653946,0.0360175222158432
94000,0.025053787976503372,0.00932798720896244,0.01704294979572296,0.04290325194597244
94200,0.01952819526195526,0.006794949993491173,0.011047111824154854,0.031846702098846436
94400,0.024638831615447998,0.01037182379513979,0.010040504857897758,0.04003090783953667
94600,0.024409595876932144,0.010276894085109234,0.008798194117844105,0.03908558934926987
94800,0.024124935269355774,0.00919974222779274,0.011780972592532635,0.03921516239643097
95000,0.02205982618033886,0.00880979374051094,0.012149148620665073,0.0369441956281662
95200,0.020060157403349876,0.008462445810437202,0.008235080167651176,0.03264014422893524
95400,0.020626327022910118,0.00788987334817648,0.009773463010787964,0.033402930945158005
95600,0.030399003997445107,0.010879844427108765,0.015273341909050941,0.04891551658511162
95800,0.017402993515133858,0.007038000971078873,0.0051540806889534,0.02701803483068943
96000,0.02779003046452999,0.009711879305541515,0.01717126928269863,0.04608754441142082
96200,0.0197086650878191,0.00856916792690754,0.009162298403680325,0.03285898268222809
96400,0.01980726607143879,0.008000689558684826,0.009278691373765469,0.03244730085134506
96600,0.015523241832852364,0.007542215753346682,0.006066679954528809,0.026098797097802162
96800,0.01818801462650299,0.007500716485083103,0.0065321107394993305,0.02895478531718254
97000,0.01901794783771038,0.008800986222922802,0.0056147328577935696,0.03062629885971546
97200,0.016407348215579987,0.0072793057188391685,0.007577416952699423,0.02747536264359951
97400,0.024811698123812675,0.00966319628059864,0.01624552346765995,0.042597655206918716
97600,0.018328681588172913,0.008064206689596176,0.007005608640611172,0.029895693063735962
97800,0.023350056260824203,0.008764350786805153,0.01623302325606346,0.040230922400951385
98000,0.018899479880928993,0.007586885709315538,0.0077418009750545025,0.03035726584494114
98200,0.015863649547100067,0.007031837943941355,0.007110153790563345,0.026450563222169876
98400,0.02315601520240307,0.0092160040512681,0.01425316371023655,0.039498601108789444
98600,0.03048565424978733,0.010740476660430431,0.012867186218500137,0.047659724950790405
98800,0.018580440431833267,0.007758414838463068,0.0076401084661483765,0.030158909037709236
99000,0.017781980335712433,0.006967902649194002,0.007244545966386795,0.028372155502438545
99200,0.021854093298316002,0.008928785100579262,0.010978680104017258,0.03627222031354904
99400,0.020470477640628815,0.008748805150389671,0.010151421651244164,0.03429499268531799
99600,0.023620251566171646,0.0081240925937891,0.011677736416459084,0.03758321329951286
99800,0.02014714851975441,0.007665880490094423,0.012224950827658176,0.03392550349235535
100000,0.017650313675403595,0.007518784608691931,0.008406613022089005,0.029372405260801315
